id;name;result
pro_nam;Protokollname;Quellen Protokoll - Struktur
que_ktn;Kanton;UR
que_idn;ID;1205-5024
que_nam;Quellname;Stelli 4
erh_dat;Datum;18.08.2021
kox;Koord_X;697147
koy;Koord_Y;196038
flu_nam;Flurname;Stelli
hoe_uem;Hoehe_mueM;1789
bea_nam;BearbeiterIn;kag
aus_for;Austrittform;künstlich
han_lag;Hanglage;Mittelhang
abf_ric;Abflussrichtung;
gel_nei;Gelaendeneigung;mässig
qus_zei;Quellschuettung;
mit_fli;Fliessgeschwindigkeit;stehend
que_gro;Quelle_Groesse;1
que_ber;Quellbereich;1
que_lae;Quellbachlaenge;0
was_tem;Wassertemperatur;15.5
qus_wer;Quellschuettung;0.1
lei_fae;Leitfaehigkeit;215
ver_ein;Vernetzung_Einzelquelle;
ver_qsy;Vernetzung_Q_system;x
ver_qko;Vernetzung_Q_komplex;
dis_nac;Distanz_Nachbarquelle;35
anz_aus;Anzahl_Austritte;1
bem;Bemerkungen;"pH 8.80; Hahn war zugedreht"
fot_dok;Fotos_Dokumente;
fot_idn;Foto_ID;
nut_tri;Trinkwassernutzung;
nut_sch;Schutzstatus;
nut_kul;Kulturhistorische_Bedeutung;
rev_obj;Revitalisierungsobjekt;JA
kla_nat;Klassierung_naturnah;
kla_bed;Klassierung_bedingt_naturnah;
kla_mae;Klassierung_maessig_beeintraechtigt;
kla_ges;Klassierung_geschaedigt;
kla_sta;Klassierung_stark_geschaedigt;x
be1;Bewertung_1;
be2;Bewertung_2;
be3;Bewertung_3;
be4;Bewertung_4;
be5;Bewertung_5;x
wea;Wert_A_Beeintraechtigung;5
web;Wert_B_Vegetation_Nutzung_Struktur;3.5740740740740744
wer_auf;Aufwertung;0
wer_ges;Gesamtergebnis;4.287037037037037
n_b_zer;Nicht_bewertbar_zerstoert;
n_b_k_a;Nicht_bewertbar_kein_Abfluss;x
phw;pH-Wert;8.8
